Workbook

Sheet Dates
A1: Date | B1: Year | C1: Month_Num | D1: Month_Short | E1: Month | F1: Day | G1: Weekday | H1: Day_of_Week | I1: Month_Year | J1: Year_Month
A2: 42370 | B2: =YEAR(A2) -> 2016 | C2: =MONTH(A2) -> 1 | D2: =VLOOKUP(C2,Sheet2!$A$1:$D$13,2,FALSE) -> Jan | E2: =VLOOKUP(C2,Sheet2!$A$1:$D$13,3,FALSE) -> January | F2: =DAY(A2) -> 1 | G2: =WEEKDAY(A2) -> 6 | H2: Friday | I2: =_xlfn.CONCAT(D2," ",B2) -> Jan 2016 | J2: =_xlfn.CONCAT(B2,"_",VLOOKUP(C2,Sheet2!$A$1:$D$13,4,FALSE)) -> 2016_01
A3: 42371 | B3: =YEAR(A3) -> 2016 | C3: =MONTH(A3) -> 1 | D3: =VLOOKUP(C3,Sheet2!$A$1:$D$13,2,FALSE) -> Jan | E3: =VLOOKUP(C3,Sheet2!$A$1:$D$13,3,FALSE) -> January | F3: =DAY(A3) -> 2 | G3: =WEEKDAY(A3) -> 7 | H3: Saturday | I3: =_xlfn.CONCAT(D3," ",B3) -> Jan 2016 | J3: =_xlfn.CONCAT(B3,"_",VLOOKUP(C3,Sheet2!$A$1:$D$13,4,FALSE)) -> 2016_01
A4: 42372 | B4: =YEAR(A4) -> 2016 | C4: =MONTH(A4) -> 1 | D4: =VLOOKUP(C4,Sheet2!$A$1:$D$13,2,FALSE) -> Jan | E4: =VLOOKUP(C4,Sheet2!$A$1:$D$13,3,FALSE) -> January | F4: =DAY(A4) -> 3 | G4: =WEEKDAY(A4) -> 1 | H4: Sunday | I4: =_xlfn.CONCAT(D4," ",B4) -> Jan 2016 | J4: =_xlfn.CONCAT(B4,"_",VLOOKUP(C4,Sheet2!$A$1:$D$13,4,FALSE)) -> 2016_01
A5: 42373 | B5: =YEAR(A5) -> 2016 | C5: =MONTH(A5) -> 1 | D5: =VLOOKUP(C5,Sheet2!$A$1:$D$13,2,FALSE) -> Jan | E5: =VLOOKUP(C5,Sheet2!$A$1:$D$13,3,FALSE) -> January | F5: =DAY(A5) -> 4 | G5: =WEEKDAY(A5) -> 2 | H5: Monday | I5: =_xlfn.CONCAT(D5," ",B5) -> Jan 2016 | J5: =_xlfn.CONCAT(B5,"_",VLOOKUP(C5,Sheet2!$A$1:$D$13,4,FALSE)) -> 2016_01
A6: 42374 | B6: =YEAR(A6) -> 2016 | C6: =MONTH(A6) -> 1 | D6: =VLOOKUP(C6,Sheet2!$A$1:$D$13,2,FALSE) -> Jan | E6: =VLOOKUP(C6,Sheet2!$A$1:$D$13,3,FALSE) -> January | F6: =DAY(A6) -> 5 | G6: =WEEKDAY(A6) -> 3 | H6: Tuesday | I6: =_xlfn.CONCAT(D6," ",B6) -> Jan 2016 | J6: =_xlfn.CONCAT(B6,"_",VLOOKUP(C6,Sheet2!$A$1:$D$13,4,FALSE)) -> 2016_01
A7: 42375 | B7: =YEAR(A7) -> 2016 | C7: =MONTH(A7) -> 1 | D7: =VLOOKUP(C7,Sheet2!$A$1:$D$13,2,FALSE) -> Jan | E7: =VLOOKUP(C7,Sheet2!$A$1:$D$13,3,FALSE) -> January | F7: =DAY(A7) -> 6 | G7: =WEEKDAY(A7) -> 4 | H7: Wednesday | I7: =_xlfn.CONCAT(D7," ",B7) -> Jan 2016 | J7: =_xlfn.CONCAT(B7,"_",VLOOKUP(C7,Sheet2!$A$1:$D$13,4,FALSE)) -> 2016_01
A8: 42376 | B8: =YEAR(A8) -> 2016 | C8: =MONTH(A8) -> 1 | D8: =VLOOKUP(C8,Sheet2!$A$1:$D$13,2,FALSE) -> Jan | E8: =VLOOKUP(C8,Sheet2!$A$1:$D$13,3,FALSE) -> January | F8: =DAY(A8) -> 7 | G8: =WEEKDAY(A8) -> 5 | H8: Thursday | I8: =_xlfn.CONCAT(D8," ",B8) -> Jan 2016 | J8: =_xlfn.CONCAT(B8,"_",VLOOKUP(C8,Sheet2!$A$1:$D$13,4,FALSE)) -> 2016_01
A9: 42377 | B9: =YEAR(A9) -> 2016 | C9: =MONTH(A9) -> 1 | D9: =VLOOKUP(C9,Sheet2!$A$1:$D$13,2,FALSE) -> Jan | E9: =VLOOKUP(C9,Sheet2!$A$1:$D$13,3,FALSE) -> January | F9: =DAY(A9) -> 8 | G9: =WEEKDAY(A9) -> 6 | H9: Friday | I9: =_xlfn.CONCAT(D9," ",B9) -> Jan 2016 | J9: =_xlfn.CONCAT(B9,"_",VLOOKUP(C9,Sheet2!$A$1:$D$13,4,FALSE)) -> 2016_01
A10: 42378 | B10: =YEAR(A10) -> 2016 | C10: =MONTH(A10) -> 1 | D10: =VLOOKUP(C10,Sheet2!$A$1:$D$13,2,FALSE) -> Jan | E10: =VLOOKUP(C10,Sheet2!$A$1:$D$13,3,FALSE) -> January | F10: =DAY(A10) -> 9 | G10: =WEEKDAY(A10) -> 7 | H10: Saturday | I10: =_xlfn.CONCAT(D10," ",B10) -> Jan 2016 | J10: =_xlfn.CONCAT(B10,"_",VLOOKUP(C10,Sheet2!$A$1:$D$13,4,FALSE)) -> 2016_01
A11: 42379 | B11: =YEAR(A11) -> 2016 | C11: =MONTH(A11) -> 1 | D11: =VLOOKUP(C11,Sheet2!$A$1:$D$13,2,FALSE) -> Jan | E11: =VLOOKUP(C11,Sheet2!$A$1:$D$13,3,FALSE) -> January | F11: =DAY(A11) -> 10 | G11: =WEEKDAY(A11) -> 1 | H11: Sunday | I11: =_xlfn.CONCAT(D11," ",B11) -> Jan 2016 | J11: =_xlfn.CONCAT(B11,"_",VLOOKUP(C11,Sheet2!$A$1:$D$13,4,FALSE)) -> 2016_01
A12: 42380 | B12: =YEAR(A12) -> 2016 | C12: =MONTH(A12) -> 1 | D12: =VLOOKUP(C12,Sheet2!$A$1:$D$13,2,FALSE) -> Jan | E12: =VLOOKUP(C12,Sheet2!$A$1:$D$13,3,FALSE) -> January | F12: =DAY(A12) -> 11 | G12: =WEEKDAY(A12) -> 2 | H12: Monday | I12: =_xlfn.CONCAT(D12," ",B12) -> Jan 2016 | J12: =_xlfn.CONCAT(B12,"_",VLOOKUP(C12,Sheet2!$A$1:$D$13,4,FALSE)) -> 2016_01
A13: 42381 | B13: =YEAR(A13) -> 2016 | C13: =MONTH(A13) -> 1 | D13: =VLOOKUP(C13,Sheet2!$A$1:$D$13,2,FALSE) -> Jan | E13: =VLOOKUP(C13,Sheet2!$A$1:$D$13,3,FALSE) -> January | F13: =DAY(A13) -> 12 | G13: =WEEKDAY(A13) -> 3 | H13: Tuesday | I13: =_xlfn.CONCAT(D13," ",B13) -> Jan 2016 | J13: =_xlfn.CONCAT(B13,"_",VLOOKUP(C13,Sheet2!$A$1:$D$13,4,FALSE)) -> 2016_01
... A2193: 44561 | B2193: =YEAR(A2193) -> 2021 | C2193: =MONTH(A2193) -> 12 | D2193: =VLOOKUP(C2193,Sheet2!$A$1:$D$13,2,FALSE) -> Dec | E2193: =VLOOKUP(C2193,Sheet2!$A$1:$D$13,3,FALSE) -> December | F2193: =DAY(A2193) -> 31 | G2193: =WEEKDAY(A2193) -> 6 | H2193: Friday | I2193: =_xlfn.CONCAT(D2193," ",B2193) -> Dec 2021 | J2193: =_xlfn.CONCAT(B2193,"_",VLOOKUP(C2193,Sheet2!$A$1:$D$13,4,FALSE)) -> 2021_12

Sheet Sheet2
A1: Num | B1: Month | C1: Month_Short | D1: Month_Num
A2: 1 | B2: Jan | C2: January | D2: 01
A3: 2 | B3: Feb | C3: February | D3: 02
A4: 3 | B4: Mar | C4: March | D4: 03
A5: 4 | B5: Apr | C5: April | D5: 04
A6: 5 | B6: May | C6: May | D6: 05
A7: 6 | B7: Jun | C7: June | D7: 06
A8: 7 | B8: Jul | C8: July | D8: 07
A9: 8 | B9: Aug | C9: August | D9: 08
A10: 9 | B10: Sep | C10: September | D10: 09
A11: 10 | B11: Oct | C11: October | D11: 10
A12: 11 | B12: Nov | C12: November | D12: 11
A13: 12 | B13: Dec | C13: December | D13: 12

Sheet Dates (Big)
A1: Date | B1: Year | C1: Month_Num | D1: Month_Short | E1: Month | F1: Day | G1: Weekday | H1: Day_of_Week | I1: Month_Year | J1: Year_Month
A2: 40909 | B2: =YEAR(A2) -> 2012 | C2: =MONTH(A2) -> 1 | D2: =VLOOKUP(C2,Sheet2!$A$1:$D$13,2,FALSE) -> Jan | E2: =VLOOKUP(C2,Sheet2!$A$1:$D$13,3,FALSE) -> January | F2: =DAY(A2) -> 1 | G2: =WEEKDAY(A2) -> 1 | H2: Sunday | I2: =_xlfn.CONCAT(D2," ",B2) -> Jan 2012 | J2: =_xlfn.CONCAT(B2,"_",VLOOKUP(C2,Sheet2!$A$1:$D$13,4,FALSE)) -> 2012_01
A3: 40910 | B3: =YEAR(A3) -> 2012 | C3: =MONTH(A3) -> 1 | D3: =VLOOKUP(C3,Sheet2!$A$1:$D$13,2,FALSE) -> Jan | E3: =VLOOKUP(C3,Sheet2!$A$1:$D$13,3,FALSE) -> January | F3: =DAY(A3) -> 2 | G3: =WEEKDAY(A3) -> 2 | H3: Monday | I3: =_xlfn.CONCAT(D3," ",B3) -> Jan 2012 | J3: =_xlfn.CONCAT(B3,"_",VLOOKUP(C3,Sheet2!$A$1:$D$13,4,FALSE)) -> 2012_01
A4: 40911 | B4: =YEAR(A4) -> 2012 | C4: =MONTH(A4) -> 1 | D4: =VLOOKUP(C4,Sheet2!$A$1:$D$13,2,FALSE) -> Jan | E4: =VLOOKUP(C4,Sheet2!$A$1:$D$13,3,FALSE) -> January | F4: =DAY(A4) -> 3 | G4: =WEEKDAY(A4) -> 3 | H4: Tuesday | I4: =_xlfn.CONCAT(D4," ",B4) -> Jan 2012 | J4: =_xlfn.CONCAT(B4,"_",VLOOKUP(C4,Sheet2!$A$1:$D$13,4,FALSE)) -> 2012_01
A5: 40912 | B5: =YEAR(A5) -> 2012 | C5: =MONTH(A5) -> 1 | D5: =VLOOKUP(C5,Sheet2!$A$1:$D$13,2,FALSE) -> Jan | E5: =VLOOKUP(C5,Sheet2!$A$1:$D$13,3,FALSE) -> January | F5: =DAY(A5) -> 4 | G5: =WEEKDAY(A5) -> 4 | H5: Wednesday | I5: =_xlfn.CONCAT(D5," ",B5) -> Jan 2012 | J5: =_xlfn.CONCAT(B5,"_",VLOOKUP(C5,Sheet2!$A$1:$D$13,4,FALSE)) -> 2012_01
A6: 40913 | B6: =YEAR(A6) -> 2012 | C6: =MONTH(A6) -> 1 | D6: =VLOOKUP(C6,Sheet2!$A$1:$D$13,2,FALSE) -> Jan | E6: =VLOOKUP(C6,Sheet2!$A$1:$D$13,3,FALSE) -> January | F6: =DAY(A6) -> 5 | G6: =WEEKDAY(A6) -> 5 | H6: Thursday | I6: =_xlfn.CONCAT(D6," ",B6) -> Jan 2012 | J6: =_xlfn.CONCAT(B6,"_",VLOOKUP(C6,Sheet2!$A$1:$D$13,4,FALSE)) -> 2012_01
A7: 40914 | B7: =YEAR(A7) -> 2012 | C7: =MONTH(A7) -> 1 | D7: =VLOOKUP(C7,Sheet2!$A$1:$D$13,2,FALSE) -> Jan | E7: =VLOOKUP(C7,Sheet2!$A$1:$D$13,3,FALSE) -> January | F7: =DAY(A7) -> 6 | G7: =WEEKDAY(A7) -> 6 | H7: Friday | I7: =_xlfn.CONCAT(D7," ",B7) -> Jan 2012 | J7: =_xlfn.CONCAT(B7,"_",VLOOKUP(C7,Sheet2!$A$1:$D$13,4,FALSE)) -> 2012_01
A8: 40915 | B8: =YEAR(A8) -> 2012 | C8: =MONTH(A8) -> 1 | D8: =VLOOKUP(C8,Sheet2!$A$1:$D$13,2,FALSE) -> Jan | E8: =VLOOKUP(C8,Sheet2!$A$1:$D$13,3,FALSE) -> January | F8: =DAY(A8) -> 7 | G8: =WEEKDAY(A8) -> 7 | H8: Saturday | I8: =_xlfn.CONCAT(D8," ",B8) -> Jan 2012 | J8: =_xlfn.CONCAT(B8,"_",VLOOKUP(C8,Sheet2!$A$1:$D$13,4,FALSE)) -> 2012_01
A9: 40916 | B9: =YEAR(A9) -> 2012 | C9: =MONTH(A9) -> 1 | D9: =VLOOKUP(C9,Sheet2!$A$1:$D$13,2,FALSE) -> Jan | E9: =VLOOKUP(C9,Sheet2!$A$1:$D$13,3,FALSE) -> January | F9: =DAY(A9) -> 8 | G9: =WEEKDAY(A9) -> 1 | H9: Sunday | I9: =_xlfn.CONCAT(D9," ",B9) -> Jan 2012 | J9: =_xlfn.CONCAT(B9,"_",VLOOKUP(C9,Sheet2!$A$1:$D$13,4,FALSE)) -> 2012_01
A10: 40917 | B10: =YEAR(A10) -> 2012 | C10: =MONTH(A10) -> 1 | D10: =VLOOKUP(C10,Sheet2!$A$1:$D$13,2,FALSE) -> Jan | E10: =VLOOKUP(C10,Sheet2!$A$1:$D$13,3,FALSE) -> January | F10: =DAY(A10) -> 9 | G10: =WEEKDAY(A10) -> 2 | H10: Monday | I10: =_xlfn.CONCAT(D10," ",B10) -> Jan 2012 | J10: =_xlfn.CONCAT(B10,"_",VLOOKUP(C10,Sheet2!$A$1:$D$13,4,FALSE)) -> 2012_01
A11: 40918 | B11: =YEAR(A11) -> 2012 | C11: =MONTH(A11) -> 1 | D11: =VLOOKUP(C11,Sheet2!$A$1:$D$13,2,FALSE) -> Jan | E11: =VLOOKUP(C11,Sheet2!$A$1:$D$13,3,FALSE) -> January | F11: =DAY(A11) -> 10 | G11: =WEEKDAY(A11) -> 3 | H11: Tuesday | I11: =_xlfn.CONCAT(D11," ",B11) -> Jan 2012 | J11: =_xlfn.CONCAT(B11,"_",VLOOKUP(C11,Sheet2!$A$1:$D$13,4,FALSE)) -> 2012_01
A12: 40919 | B12: =YEAR(A12) -> 2012 | C12: =MONTH(A12) -> 1 | D12: =VLOOKUP(C12,Sheet2!$A$1:$D$13,2,FALSE) -> Jan | E12: =VLOOKUP(C12,Sheet2!$A$1:$D$13,3,FALSE) -> January | F12: =DAY(A12) -> 11 | G12: =WEEKDAY(A12) -> 4 | H12: Wednesday | I12: =_xlfn.CONCAT(D12," ",B12) -> Jan 2012 | J12: =_xlfn.CONCAT(B12,"_",VLOOKUP(C12,Sheet2!$A$1:$D$13,4,FALSE)) -> 2012_01
A13: 40920 | B13: =YEAR(A13) -> 2012 | C13: =MONTH(A13) -> 1 | D13: =VLOOKUP(C13,Sheet2!$A$1:$D$13,2,FALSE) -> Jan | E13: =VLOOKUP(C13,Sheet2!$A$1:$D$13,3,FALSE) -> January | F13: =DAY(A13) -> 12 | G13: =WEEKDAY(A13) -> 5 | H13: Thursday | I13: =_xlfn.CONCAT(D13," ",B13) -> Jan 2012 | J13: =_xlfn.CONCAT(B13,"_",VLOOKUP(C13,Sheet2!$A$1:$D$13,4,FALSE)) -> 2012_01
... A4384: 45291 | B4384: =YEAR(A4384) -> 2023 | C4384: =MONTH(A4384) -> 12 | D4384: =VLOOKUP(C4384,Sheet2!$A$1:$D$13,2,FALSE) -> Dec | E4384: =VLOOKUP(C4384,Sheet2!$A$1:$D$13,3,FALSE) -> December | F4384: =DAY(A4384) -> 31 | G4384: =WEEKDAY(A4384) -> 1 | H4384: Sunday | I4384: =_xlfn.CONCAT(D4384," ",B4384) -> Dec 2023 | J4384: =_xlfn.CONCAT(B4384,"_",VLOOKUP(C4384,Sheet2!$A$1:$D$13,4,FALSE)) -> 2023_12
